Family_ID,Title,Description,Indicators,Measurement_Approach,Non_Causal_Language,Community_Relevance
PF_001,Institutional Preparedness Gap Indicators,Markers of organizational readiness deficiencies in pandemic response,sanitization_protocol_absence; guidance_clarity_deficiency; policy_consistency_fragmentation; communication_effectiveness_limitations,observational_assessment,associated_with_preparedness_variations,cross_sector_applicability
PF_002,Community Vulnerability Concentration Patterns,Geographic and demographic clustering of pandemic impact susceptibility,socio_economic_disadvantage_concentration; health_disparity_pre_existing_conditions; supply_access_limitation_patterns; cultural_barrier_navigation_challenges,demographic_geographic_mapping,correlated_with_vulnerability_expression,equity_intervention_targeting
PF_003,Supply Chain Disruption Response Indicators,Markers of local supply system adaptability under crisis conditions,local_sourcing_capability_emergence; supply_void_identification_speed; alternative_distribution_network_formation; quality_assurance_maintenance_capacity,supply_flow_analysis,linked_with_resilience_demonstrations,local_sustainability_enhancement
PF_004,Community Innovation Emergence Patterns,Spontaneous solution development within community networks,local_knowledge_mobilization_capacity; resource_repurposing_creativity_levels; collaborative_problem_solving_intensity; innovation_adoption_velocity_measures,innovation_tracking_documentation,accompanied_by_innovation_manifestations,adaptive_capacity_strengthening
PF_005,Inter-Sector Partnership Formation Indicators,Multi-stakeholder engagement coordination effectiveness markers,academic_community_bridge_formation; government_civil_society_interface_quality; private_public_coordination_mechanisms; media_stakeholder_engagement_depth,network_analysis_mapping,related_to_collaboration_emergence,coordinated_response_optimization
PF_006,Public Health Communication Impact Measures,Information dissemination clarity and reach assessment indicators,message_clarity_comprehension_rates; multi_channel_reach_effectiveness; cultural_adaptation_communication_success; feedback_loop_responsiveness_quality,communication_impact_assessment,associated_with_understanding_enhancement,informed_decision_making_support
PF_007,Equity-Focused Intervention Targeting Indicators,Measures of intervention responsiveness to community-specific needs,targeted_support_mechanism_development; cultural_responsiveness_adaptation_levels; accessibility_barrier_reduction_efforts; community_agency_empowerment_measures,equity_outcome_tracking,connected_with_equity_improvements,inclusive_response_advancement
PF_008,Cultural Context Integration Effectiveness,Community value and practice incorporation in intervention design,traditional_knowledge_integration_depth; cultural_practice_accommodation_extent; community_leadership_recognition_levels; indigenous_perspective_incorporation_quality,cultural_competency_evaluation,aligned_with_cultural_resonance,culturally_responsive_practice_enhancement
PF_009,Community Stakeholder Participation Depth Measures,Active community member involvement quality and extent indicators,participatory_decision_making_involvement; community_feedback_integration_responsiveness; local_leadership_development_support; shared_ownership_intervention_establishment,participation_quality_assessment,correlated_with_engagement_deepening,democratic_participation_strengthening
PF_010,Community System Adaptive Capacity Indicators,Overall system responsiveness and learning capability measures,adaptive_learning_cycle_functionality; system_redundancy_development_capacity; crisis_response_coordination_effectiveness; long_term_sustainability_planning_integration,system_performance_evaluation,indicative_of_resilience_enhancement,sustainable_community_development
PF_011,Long-term Intervention Viability Indicators,Measures of intervention continuation and scaling potential,resource_mobilization_sustainability; community_ownership_development_depth; institutional_integration_potential; knowledge_transfer_mechanism_effectiveness,sustainability_tracking_analysis,associated_with_sustainability_achievement,enduring_impact_realization
